{
  "name": "Seeed Home Assistant Discovery",
  "version": "1.5.4",
  "description": "Connect ESP32 devices to Home Assistant via WiFi. A lightweight library for ESP32-C3/C5/C6/S3 with mDNS auto-discovery, WebSocket real-time communication, sensor data reporting, HA entity state subscription, and camera streaming (ESP32-S3 Sense). ESP32-C5 supports 2.4GHz and 5GHz dual-band WiFi.",
  "keywords": [
    "homeassistant",
    "esp32",
    "wifi",
    "arduino",
    "iot",
    "smart-home",
    "websocket",
    "mdns",
    "sensor",
    "camera",
    "mjpeg",
    "seeed"
  ],
  "repository": {
    "type": "git",
    "url": "https://github.com/limengdu/Seeed-Homeassistant-Discovery.git"
  },
  "authors": [
    {
      "name": "limengdu",
      "email": "limengdu@seeed.cc",
      "maintainer": true
    }
  ],
  "license": "MIT",
  "homepage": "https://github.com/limengdu/Seeed-Homeassistant-Discovery",
  "frameworks": ["arduino"],
  "platforms": ["espressif32"],
  "dependencies": [
    {
      "name": "ArduinoJson",
      "version": "^7.0.0"
    },
    {
      "name": "WebSockets",
      "version": "^2.4.0"
    }
  ]
}
