{
  "name": "Seeed Home Assistant Discovery BLE",
  "version": "1.6.1",
  "description": "Connect ESP32/nRF52840 devices to Home Assistant via Bluetooth. Supports BTHome v2 passive advertising for sensors, GATT bidirectional communication for switches, and HA entity state subscription. Compatible with XIAO ESP32 (NimBLE) and XIAO nRF52840 (ArduinoBLE).",
  "keywords": [
    "homeassistant",
    "bluetooth",
    "ble",
    "bthome",
    "gatt",
    "esp32",
    "nrf52840",
    "xiao",
    "arduino",
    "iot",
    "smart-home",
    "sensor",
    "switch",
    "seeed"
  ],
  "repository": {
    "type": "git",
    "url": "https://github.com/limengdu/Seeed-Homeassistant-Discovery.git"
  },
  "authors": [
    {
      "name": "limengdu",
      "email": "limengdu@seeed.cc",
      "maintainer": true
    }
  ],
  "license": "MIT",
  "homepage": "https://github.com/limengdu/Seeed-Homeassistant-Discovery",
  "frameworks": ["arduino"],
  "platforms": ["espressif32", "nordicnrf52"],
  "dependencies": [
    {
      "name": "NimBLE-Arduino",
      "version": "^1.4.0",
      "platforms": ["espressif32"]
    },
    {
      "name": "ArduinoBLE",
      "version": "^1.3.0",
      "platforms": ["nordicnrf52"]
    }
  ]
}
